date,amount,category,note
2025-01-01,277,Food,Dinner
2025-01-02,278,Food,Snacks
2025-01-02,179,Food,Breakfast
2025-01-02,307,Food,Dinner
2025-01-02,1179,Shopping,Shoes
2025-01-02,4058,Bills,Credit Card
2025-01-03,270,Food,Breakfast
2025-01-03,160,Food,Breakfast
2025-01-03,74,Food,Snacks
2025-01-04,81,Food,Snacks
2025-01-04,114,Travel,Auto
2025-01-04,770,Entertainment,Restaurant
2025-01-05,289,Food,Lunch
2025-01-05,129,Travel,Taxi
2025-01-05,581,Entertainment,Restaurant
2025-01-05,580,Shopping,Electronics
2025-01-05,4510,Bills,Electricity
2025-01-06,305,Food,Snacks
2025-01-07,345,Food,Lunch
2025-01-07,58,Travel,Auto
2025-01-08,287,Food,Snacks
2025-01-08,285,Food,Snacks
2025-01-08,79,Food,Breakfast
2025-01-08,1539,Shopping,Shoes
2025-01-09,110,Food,Lunch
2025-01-09,337,Food,Lunch
2025-01-10,270,Food,Snacks
2025-01-10,311,Food,Lunch
2025-01-10,102,Travel,Auto
2025-01-10,1541,Shopping,Shoes
2025-01-10,3355,Bills,Credit Card
2025-01-11,50,Food,Snacks
2025-01-11,311,Food,Snacks
2025-01-11,130,Food,Lunch
2025-01-11,518,Entertainment,Movie
2025-01-12,330,Food,Lunch
2025-01-12,242,Food,Breakfast
2025-01-12,123,Travel,Taxi
2025-01-12,913,Entertainment,Outing
2025-01-13,241,Food,Dinner
2025-01-13,229,Food,Dinner
2025-01-13,61,Food,Snacks
2025-01-14,104,Food,Lunch
2025-01-14,275,Food,Breakfast
2025-01-15,194,Food,Dinner
2025-01-15,264,Food,Breakfast
2025-01-15,122,Food,Snacks
2025-01-15,65,Travel,Auto
2025-01-16,168,Food,Lunch
2025-01-16,157,Food,Snacks
2025-01-16,46,Travel,Taxi
2025-01-16,671,Shopping,Groceries
2025-01-17,168,Food,Dinner
2025-01-17,114,Travel,Auto
2025-01-18,76,Food,Dinner
2025-01-18,988,Entertainment,Outing
2025-01-19,184,Food,Snacks
2025-01-19,301,Food,Lunch
2025-01-19,70,Travel,Bus
2025-01-19,1071,Entertainment,Movie
2025-01-19,757,Shopping,Clothes
2025-01-20,245,Food,Snacks
2025-01-20,133,Travel,Taxi
2025-01-20,2253,Shopping,Electronics
2025-01-21,68,Food,Breakfast
2025-01-21,273,Food,Breakfast
2025-01-22,60,Food,Dinner
2025-01-23,283,Food,Lunch
2025-01-23,209,Food,Breakfast
2025-01-23,140,Travel,Auto
2025-01-24,101,Food,Breakfast
2025-01-24,74,Food,Breakfast
2025-01-25,228,Food,Dinner
2025-01-25,51,Food,Snacks
2025-01-25,80,Travel,Auto
2025-01-25,656,Entertainment,Outing
2025-01-26,144,Food,Dinner
2025-01-26,66,Food,Breakfast
2025-01-26,111,Travel,Bus
2025-01-26,997,Entertainment,Restaurant
2025-01-27,87,Food,Breakfast
2025-01-27,305,Food,Lunch
2025-01-27,176,Food,Breakfast
2025-01-27,2043,Shopping,Clothes
2025-01-28,267,Food,Lunch
2025-01-28,72,Travel,Auto
2025-01-29,192,Food,Snacks
2025-01-29,284,Food,Lunch
2025-01-29,161,Food,Lunch
2025-01-29,123,Travel,Taxi
2025-01-30,274,Food,Breakfast
2025-01-30,45,Travel,Auto
2025-01-31,129,Food,Lunch
2025-01-31,288,Food,Dinner
2025-01-31,66,Travel,Taxi
2025-01-31,1029,Shopping,Shoes
2025-02-01,238,Food,Breakfast
2025-02-01,241,Food,Snacks
2025-02-01,281,Food,Breakfast
2025-02-01,1059,Entertainment,Movie
2025-02-02,218,Food,Lunch
2025-02-02,108,Travel,Auto
2025-02-02,716,Entertainment,Movie
2025-02-02,5570,Bills,Internet
2025-02-03,329,Food,Lunch
2025-02-03,144,Travel,Bus
2025-02-04,253,Food,Breakfast
2025-02-04,325,Food,Lunch
2025-02-04,43,Travel,Auto
2025-02-05,53,Food,Lunch
2025-02-05,346,Food,Dinner
2025-02-05,2215,Shopping,Shoes
2025-02-05,4519,Bills,Internet
2025-02-06,183,Food,Breakfast
2025-02-06,191,Food,Dinner
2025-02-06,340,Food,Snacks
2025-02-06,100,Travel,Taxi
2025-02-07,255,Food,Breakfast
2025-02-07,291,Food,Snacks
2025-02-07,40,Travel,Bus
2025-02-08,338,Food,Breakfast
2025-02-08,98,Food,Breakfast
2025-02-08,293,Food,Dinner
2025-02-08,74,Travel,Auto
2025-02-08,558,Entertainment,Movie
2025-02-09,326,Food,Breakfast
2025-02-09,98,Food,Dinner
2025-02-09,149,Food,Breakfast
2025-02-09,101,Travel,Taxi
2025-02-09,585,Entertainment,Movie
2025-02-10,286,Food,Snacks
2025-02-10,224,Food,Lunch
2025-02-10,303,Food,Lunch
2025-02-10,82,Travel,Auto
2025-02-10,4184,Bills,Rent
2025-02-11,112,Food,Dinner
2025-02-11,293,Food,Lunch
2025-02-11,81,Travel,Auto
2025-02-12,56,Food,Lunch
2025-02-12,145,Travel,Bus
2025-02-13,73,Food,Snacks
2025-02-13,177,Food,Snacks
2025-02-13,268,Food,Breakfast
2025-02-14,131,Food,Dinner
2025-02-14,188,Food,Breakfast
2025-02-14,100,Travel,Bus
2025-02-15,112,Food,Snacks
2025-02-15,138,Food,Breakfast
2025-02-15,142,Travel,Taxi
2025-02-15,373,Entertainment,Movie
2025-02-16,113,Food,Dinner
2025-02-16,894,Entertainment,Outing
2025-02-17,250,Food,Breakfast
2025-02-17,58,Food,Lunch
2025-02-17,345,Food,Breakfast
2025-02-18,147,Food,Breakfast
2025-02-18,67,Travel,Taxi
2025-02-19,181,Food,Breakfast
2025-02-19,131,Food,Snacks
2025-02-19,141,Food,Dinner
2025-02-20,255,Food,Snacks
2025-02-20,2871,Shopping,Clothes
2025-02-21,345,Food,Lunch
2025-02-21,229,Food,Breakfast
2025-02-21,31,Travel,Auto
2025-02-22,197,Food,Snacks
2025-02-22,173,Food,Breakfast
2025-02-22,197,Food,Lunch
2025-02-22,525,Entertainment,Restaurant
2025-02-23,179,Food,Lunch
2025-02-23,173,Food,Snacks
2025-02-23,104,Travel,Bus
2025-02-23,328,Entertainment,Restaurant
2025-02-24,104,Food,Snacks
2025-02-24,168,Food,Snacks
2025-02-24,94,Food,Dinner
2025-02-24,93,Travel,Bus
2025-02-25,133,Food,Snacks
2025-02-26,222,Food,Dinner
2025-02-26,283,Food,Breakfast
2025-02-26,216,Food,Breakfast
2025-02-26,38,Travel,Taxi
2025-02-27,338,Food,Dinner
2025-02-27,64,Food,Snacks
2025-02-27,106,Food,Breakfast
2025-02-27,2162,Shopping,Electronics
2025-02-28,154,Food,Breakfast
2025-02-28,143,Food,Lunch
2025-03-01,83,Food,Lunch
2025-03-01,287,Food,Breakfast
2025-03-01,328,Food,Breakfast
2025-03-01,411,Entertainment,Restaurant
2025-03-01,854,Shopping,Clothes
2025-03-02,181,Food,Snacks
2025-03-02,112,Travel,Auto
2025-03-02,741,Entertainment,Movie
2025-03-02,1103,Shopping,Clothes
2025-03-02,3730,Bills,Internet
2025-03-03,257,Food,Lunch
2025-03-03,348,Food,Snacks
2025-03-03,126,Food,Breakfast
2025-03-03,67,Travel,Auto
2025-03-04,347,Food,Breakfast
2025-03-04,166,Food,Dinner
2025-03-04,80,Food,Breakfast
2025-03-04,146,Travel,Taxi
2025-03-05,138,Food,Lunch
2025-03-05,2478,Bills,Internet
2025-03-06,258,Food,Lunch
2025-03-06,94,Food,Snacks
2025-03-06,185,Food,Dinner
2025-03-06,37,Travel,Taxi
2025-03-07,180,Food,Lunch
2025-03-07,168,Food,Snacks
2025-03-07,154,Food,Lunch
2025-03-07,40,Travel,Taxi
2025-03-07,1501,Shopping,Shoes
2025-03-08,255,Food,Dinner
2025-03-08,133,Food,Breakfast
2025-03-08,1166,Entertainment,Outing
2025-03-08,1586,Shopping,Clothes
2025-03-09,80,Food,Lunch
2025-03-09,108,Food,Snacks
2025-03-09,139,Food,Breakfast
2025-03-09,714,Entertainment,Outing
2025-03-10,62,Food,Lunch
2025-03-10,109,Travel,Bus
2025-03-10,1737,Bills,Credit Card
2025-03-11,343,Food,Lunch
2025-03-11,118,Food,Snacks
2025-03-11,143,Food,Snacks
2025-03-12,113,Food,Snacks
2025-03-12,87,Food,Dinner
2025-03-12,91,Travel,Bus
2025-03-13,141,Food,Snacks
2025-03-13,62,Travel,Bus
2025-03-13,2796,Shopping,Clothes
2025-03-14,299,Food,Breakfast
2025-03-14,280,Food,Lunch
2025-03-14,51,Food,Dinner
2025-03-14,117,Travel,Bus
2025-03-15,317,Food,Lunch
2025-03-15,198,Food,Snacks
2025-03-15,530,Entertainment,Movie
2025-03-15,2387,Shopping,Shoes
2025-03-16,286,Food,Lunch
2025-03-16,560,Entertainment,Movie
2025-03-17,342,Food,Lunch
2025-03-17,157,Food,Breakfast
2025-03-17,66,Travel,Bus
2025-03-17,2501,Shopping,Shoes
2025-03-18,130,Food,Lunch
2025-03-18,318,Food,Dinner
2025-03-18,211,Food,Dinner
2025-03-18,37,Travel,Taxi
2025-03-19,103,Food,Lunch
2025-03-20,57,Food,Dinner
2025-03-20,89,Travel,Bus
2025-03-21,300,Food,Lunch
2025-03-21,85,Travel,Bus
2025-03-22,346,Food,Breakfast
2025-03-22,253,Food,Dinner
2025-03-22,557,Entertainment,Restaurant
2025-03-22,2012,Shopping,Clothes
2025-03-23,62,Food,Dinner
2025-03-23,147,Travel,Taxi
2025-03-23,1188,Entertainment,Outing
2025-03-23,2180,Shopping,Groceries
2025-03-24,301,Food,Dinner
2025-03-24,201,Food,Lunch
2025-03-24,132,Travel,Bus
2025-03-25,224,Food,Breakfast
2025-03-25,247,Food,Snacks
2025-03-25,119,Food,Snacks
2025-03-25,80,Travel,Auto
2025-03-26,172,Food,Lunch
2025-03-26,247,Food,Lunch
2025-03-26,96,Food,Breakfast
2025-03-26,63,Travel,Taxi
2025-03-26,2508,Shopping,Clothes
2025-03-27,165,Food,Breakfast
2025-03-27,339,Food,Snacks
2025-03-27,167,Food,Lunch
2025-03-27,98,Travel,Auto
2025-03-28,98,Food,Lunch
2025-03-28,205,Food,Dinner
2025-03-28,31,Travel,Bus
2025-03-28,537,Shopping,Electronics
2025-03-29,222,Food,Breakfast
2025-03-29,586,Entertainment,Outing
2025-03-30,236,Food,Snacks
2025-03-30,83,Food,Lunch
2025-03-30,329,Entertainment,Restaurant
2025-03-31,58,Food,Lunch
2025-03-31,84,Food,Breakfast
2025-03-31,110,Food,Dinner
2025-03-31,100,Travel,Auto
2025-04-01,308,Food,Snacks
2025-04-01,115,Travel,Bus
2025-04-01,1455,Shopping,Electronics
2025-04-02,204,Food,Snacks
2025-04-02,139,Food,Dinner
2025-04-02,33,Travel,Bus
2025-04-02,4404,Bills,Rent
2025-04-03,99,Food,Snacks
2025-04-03,61,Food,Snacks
2025-04-03,136,Travel,Taxi
2025-04-04,60,Food,Breakfast
2025-04-04,146,Travel,Bus
2025-04-05,104,Food,Snacks
2025-04-05,277,Food,Breakfast
2025-04-05,1092,Entertainment,Outing
2025-04-05,4529,Bills,Internet
2025-04-06,124,Food,Lunch
2025-04-06,172,Food,Lunch
2025-04-06,112,Travel,Taxi
2025-04-06,480,Entertainment,Outing
2025-04-07,208,Food,Snacks
2025-04-08,299,Food,Dinner
2025-04-08,178,Food,Breakfast
2025-04-08,173,Food,Breakfast
2025-04-08,131,Travel,Bus
2025-04-09,123,Food,Breakfast
2025-04-09,120,Travel,Taxi
2025-04-10,322,Food,Snacks
2025-04-10,308,Food,Lunch
2025-04-10,125,Food,Lunch
2025-04-10,86,Travel,Auto
2025-04-10,1024,Bills,Rent
2025-04-11,110,Food,Breakfast
2025-04-11,215,Food,Dinner
2025-04-11,311,Food,Snacks
2025-04-12,292,Food,Snacks
2025-04-12,311,Food,Snacks
2025-04-12,50,Food,Snacks
2025-04-12,58,Travel,Bus
2025-04-12,960,Entertainment,Movie
2025-04-13,171,Food,Lunch
2025-04-13,131,Food,Snacks
2025-04-13,124,Travel,Auto
2025-04-13,304,Entertainment,Movie
2025-04-14,123,Food,Breakfast
2025-04-14,207,Food,Lunch
2025-04-14,49,Travel,Taxi
2025-04-15,327,Food,Dinner
2025-04-15,229,Food,Lunch
2025-04-15,188,Food,Breakfast
2025-04-15,2409,Shopping,Electronics
2025-04-16,221,Food,Dinner
2025-04-17,255,Food,Breakfast
2025-04-17,321,Food,Lunch
2025-04-17,74,Travel,Bus
2025-04-18,271,Food,Snacks
2025-04-18,245,Food,Snacks
2025-04-18,312,Food,Lunch
2025-04-18,93,Travel,Taxi
2025-04-19,194,Food,Breakfast
2025-04-19,236,Food,Breakfast
2025-04-19,116,Food,Breakfast
2025-04-19,301,Entertainment,Movie
2025-04-20,101,Food,Lunch
2025-04-20,801,Entertainment,Outing
2025-04-21,77,Food,Snacks
2025-04-22,92,Food,Snacks
2025-04-22,88,Food,Lunch
2025-04-22,65,Travel,Taxi
2025-04-23,291,Food,Breakfast
2025-04-23,149,Travel,Auto
2025-04-24,331,Food,Dinner
2025-04-24,260,Food,Lunch
2025-04-24,45,Travel,Auto
2025-04-25,199,Food,Dinner
2025-04-25,306,Food,Dinner
2025-04-25,324,Food,Dinner
2025-04-26,290,Food,Lunch
2025-04-26,159,Food,Dinner
2025-04-26,40,Travel,Taxi
2025-04-26,676,Entertainment,Movie
2025-04-27,83,Food,Breakfast
2025-04-27,632,Entertainment,Outing
2025-04-27,2340,Shopping,Groceries
2025-04-28,239,Food,Snacks
2025-04-28,2677,Shopping,Electronics
2025-04-29,310,Food,Lunch
2025-04-29,278,Food,Lunch
2025-04-29,50,Food,Lunch
2025-04-29,146,Travel,Auto
2025-04-30,63,Food,Lunch
2025-04-30,153,Food,Snacks
2025-04-30,70,Travel,Bus
2025-05-01,213,Food,Dinner
2025-05-01,72,Travel,Bus
2025-05-02,111,Food,Snacks
2025-05-02,159,Food,Lunch
2025-05-02,81,Food,Breakfast
2025-05-02,2961,Shopping,Shoes
2025-05-02,5423,Bills,Rent
2025-05-03,302,Food,Snacks
2025-05-03,145,Food,Lunch
2025-05-03,209,Food,Snacks
2025-05-03,109,Travel,Taxi
2025-05-03,1127,Entertainment,Restaurant
2025-05-04,171,Food,Breakfast
2025-05-04,232,Food,Dinner
2025-05-04,78,Travel,Taxi
2025-05-04,880,Entertainment,Outing
2025-05-05,98,Food,Breakfast
2025-05-05,114,Travel,Auto
2025-05-05,5660,Bills,Rent
2025-05-06,349,Food,Breakfast
2025-05-06,58,Food,Lunch
2025-05-06,145,Travel,Bus
2025-05-07,171,Food,Dinner
2025-05-07,130,Travel,Bus
2025-05-08,91,Food,Dinner
2025-05-09,99,Food,Lunch
2025-05-09,261,Food,Snacks
2025-05-09,114,Travel,Taxi
2025-05-10,231,Food,Dinner
2025-05-10,106,Travel,Taxi
2025-05-10,907,Entertainment,Movie
2025-05-10,1346,Shopping,Shoes
2025-05-10,5328,Bills,Rent
2025-05-11,321,Food,Snacks
2025-05-11,220,Food,Breakfast
2025-05-11,96,Food,Dinner
2025-05-11,55,Travel,Taxi
2025-05-11,1004,Entertainment,Movie
2025-05-12,285,Food,Dinner
2025-05-12,143,Food,Snacks
2025-05-12,111,Travel,Taxi
2025-05-13,84,Food,Snacks
2025-05-13,87,Food,Snacks
2025-05-13,68,Travel,Taxi
2025-05-14,116,Food,Snacks
2025-05-14,306,Food,Breakfast
2025-05-14,78,Travel,Auto
2025-05-14,2644,Shopping,Electronics
2025-05-15,135,Food,Snacks
2025-05-15,113,Travel,Taxi
2025-05-16,208,Food,Lunch
2025-05-16,330,Food,Lunch
2025-05-16,208,Food,Dinner
2025-05-16,47,Travel,Taxi
2025-05-17,237,Food,Snacks
2025-05-17,556,Entertainment,Restaurant
2025-05-18,206,Food,Lunch
2025-05-18,74,Food,Snacks
2025-05-18,316,Food,Lunch
2025-05-18,145,Travel,Auto
2025-05-18,484,Entertainment,Movie
2025-05-19,183,Food,Breakfast
2025-05-19,309,Food,Snacks
2025-05-19,1266,Shopping,Groceries
2025-05-20,339,Food,Snacks
2025-05-20,211,Food,Lunch
2025-05-20,325,Food,Lunch
2025-05-21,261,Food,Dinner
2025-05-21,1007,Shopping,Shoes
2025-05-22,57,Food,Snacks
2025-05-22,149,Food,Snacks
2025-05-23,262,Food,Breakfast
2025-05-23,325,Food,Dinner
2025-05-23,1183,Shopping,Clothes
2025-05-24,82,Food,Breakfast
2025-05-24,204,Food,Breakfast
2025-05-24,38,Travel,Bus
2025-05-24,1137,Entertainment,Outing
2025-05-25,63,Food,Snacks
2025-05-25,330,Food,Snacks
2025-05-25,145,Food,Breakfast
2025-05-25,142,Travel,Bus
2025-05-25,376,Entertainment,Restaurant
2025-05-26,340,Food,Snacks
2025-05-26,97,Travel,Bus
2025-05-27,296,Food,Snacks
2025-05-27,62,Food,Breakfast
2025-05-27,100,Travel,Bus
2025-05-28,275,Food,Lunch
2025-05-28,78,Travel,Auto
2025-05-29,343,Food,Breakfast
2025-05-29,192,Food,Dinner
2025-05-29,337,Food,Dinner
2025-05-29,60,Travel,Taxi
2025-05-30,339,Food,Lunch
2025-05-30,154,Food,Breakfast
2025-05-30,160,Food,Snacks
2025-05-30,80,Travel,Auto
2025-05-30,1001,Shopping,Shoes
2025-05-31,196,Food,Dinner
2025-05-31,93,Travel,Taxi
2025-05-31,839,Entertainment,Restaurant
2025-06-01,341,Food,Dinner
2025-06-01,132,Food,Dinner
2025-06-01,131,Travel,Auto
2025-06-01,387,Entertainment,Restaurant
2025-06-01,2525,Shopping,Clothes
2025-06-02,193,Food,Lunch
2025-06-02,290,Food,Snacks
2025-06-02,331,Food,Lunch
2025-06-02,77,Travel,Auto
2025-06-02,4684,Bills,Electricity
2025-06-03,310,Food,Dinner
2025-06-03,723,Shopping,Groceries
2025-06-04,350,Food,Breakfast
2025-06-04,314,Food,Lunch
2025-06-04,323,Food,Dinner
2025-06-04,108,Travel,Bus
2025-06-05,199,Food,Snacks
2025-06-05,1350,Bills,Rent
2025-06-06,249,Food,Lunch
2025-06-07,315,Food,Lunch
2025-06-07,278,Food,Dinner
2025-06-07,248,Food,Lunch
2025-06-07,1075,Entertainment,Outing
2025-06-08,195,Food,Snacks
2025-06-08,141,Travel,Auto
2025-06-08,748,Entertainment,Restaurant
2025-06-09,293,Food,Dinner
2025-06-09,193,Food,Snacks
2025-06-09,76,Travel,Auto
2025-06-09,2132,Shopping,Clothes
2025-06-10,133,Food,Breakfast
2025-06-10,297,Food,Dinner
2025-06-10,193,Food,Snacks
2025-06-10,95,Travel,Auto
2025-06-10,1085,Bills,Credit Card
2025-06-11,190,Food,Lunch
2025-06-11,33,Travel,Taxi
2025-06-12,196,Food,Lunch
2025-06-12,225,Food,Dinner
2025-06-12,2306,Shopping,Electronics
2025-06-13,176,Food,Dinner
2025-06-13,79,Food,Lunch
2025-06-13,128,Travel,Auto
2025-06-14,179,Food,Breakfast
2025-06-14,279,Food,Lunch
2025-06-14,94,Travel,Taxi
2025-06-14,770,Entertainment,Restaurant
2025-06-15,132,Food,Snacks
2025-06-15,320,Food,Lunch
2025-06-15,35,Travel,Auto
2025-06-15,972,Entertainment,Movie
2025-06-16,221,Food,Snacks
2025-06-16,350,Food,Lunch
2025-06-16,88,Food,Breakfast
2025-06-17,206,Food,Breakfast
2025-06-17,226,Food,Dinner
2025-06-17,1703,Shopping,Electronics
2025-06-18,319,Food,Lunch
2025-06-18,306,Food,Dinner
2025-06-18,92,Travel,Bus
2025-06-19,271,Food,Dinner
2025-06-19,297,Food,Snacks
2025-06-19,102,Travel,Taxi
2025-06-20,159,Food,Breakfast
2025-06-21,342,Food,Snacks
2025-06-21,537,Entertainment,Restaurant
2025-06-21,2635,Shopping,Clothes
2025-06-22,288,Food,Snacks
2025-06-22,140,Travel,Taxi
2025-06-22,552,Entertainment,Outing
2025-06-23,143,Food,Snacks
2025-06-23,75,Travel,Taxi
2025-06-23,787,Shopping,Groceries
2025-06-24,132,Food,Breakfast
2025-06-24,95,Food,Lunch
2025-06-24,1685,Shopping,Groceries
2025-06-25,162,Food,Lunch
2025-06-25,2025,Shopping,Clothes
2025-06-26,150,Food,Dinner
2025-06-26,140,Food,Lunch
2025-06-26,104,Food,Snacks
2025-06-27,325,Food,Lunch
2025-06-27,258,Food,Dinner
2025-06-27,272,Food,Snacks
2025-06-27,74,Travel,Auto
2025-06-28,180,Food,Dinner
2025-06-28,75,Travel,Auto
2025-06-28,751,Entertainment,Restaurant
2025-06-29,54,Food,Breakfast
2025-06-29,286,Food,Lunch
2025-06-29,193,Food,Lunch
2025-06-29,304,Entertainment,Outing
2025-06-30,183,Food,Breakfast
2025-07-01,254,Food,Breakfast
2025-07-01,104,Travel,Auto
2025-07-02,267,Food,Snacks
2025-07-02,238,Food,Dinner
2025-07-02,5399,Bills,Electricity
2025-07-03,111,Food,Breakfast
2025-07-03,61,Food,Snacks
2025-07-03,31,Travel,Auto
2025-07-04,235,Food,Dinner
2025-07-04,152,Food,Dinner
2025-07-04,57,Food,Lunch
2025-07-04,71,Travel,Bus
2025-07-05,141,Food,Dinner
2025-07-05,88,Travel,Auto
2025-07-05,535,Entertainment,Movie
2025-07-05,1350,Shopping,Groceries
2025-07-05,5013,Bills,Electricity
2025-07-06,111,Food,Lunch
2025-07-06,459,Entertainment,Movie
2025-07-06,1207,Shopping,Clothes
2025-07-07,299,Food,Breakfast
2025-07-07,289,Food,Snacks
2025-07-07,233,Food,Snacks
2025-07-07,59,Travel,Bus
2025-07-08,307,Food,Lunch
2025-07-09,299,Food,Lunch
2025-07-09,130,Food,Snacks
2025-07-10,335,Food,Breakfast
2025-07-10,145,Food,Lunch
2025-07-10,5656,Bills,Internet
2025-07-11,139,Food,Snacks
2025-07-11,116,Food,Breakfast
2025-07-11,140,Travel,Auto
2025-07-12,289,Food,Dinner
2025-07-12,301,Food,Dinner
2025-07-12,517,Entertainment,Outing
2025-07-13,122,Food,Breakfast
2025-07-13,53,Food,Breakfast
2025-07-13,182,Food,Lunch
2025-07-13,117,Travel,Bus
2025-07-13,594,Entertainment,Outing
2025-07-13,687,Shopping,Electronics
2025-07-14,186,Food,Lunch
2025-07-14,530,Shopping,Clothes
2025-07-15,242,Food,Snacks
2025-07-15,234,Food,Snacks
2025-07-15,251,Food,Snacks
2025-07-16,52,Food,Snacks
2025-07-16,170,Food,Snacks
2025-07-17,270,Food,Dinner
2025-07-17,302,Food,Breakfast
2025-07-17,217,Food,Snacks
2025-07-17,59,Travel,Taxi
2025-07-18,296,Food,Dinner
2025-07-18,249,Food,Lunch
2025-07-18,45,Travel,Taxi
2025-07-19,111,Food,Snacks
2025-07-19,348,Food,Snacks
2025-07-19,71,Travel,Bus
2025-07-19,636,Entertainment,Restaurant
2025-07-20,330,Food,Lunch
2025-07-20,317,Food,Dinner
2025-07-20,148,Travel,Auto
2025-07-20,946,Entertainment,Movie
2025-07-21,346,Food,Dinner
2025-07-21,215,Food,Dinner
2025-07-21,55,Travel,Auto
2025-07-22,139,Food,Snacks
2025-07-22,306,Food,Breakfast
2025-07-22,119,Travel,Bus
2025-07-23,266,Food,Snacks
2025-07-23,112,Food,Lunch
2025-07-23,317,Food,Lunch
2025-07-24,282,Food,Dinner
2025-07-24,183,Food,Dinner
2025-07-25,331,Food,Snacks
2025-07-25,138,Travel,Auto
2025-07-26,87,Food,Breakfast
2025-07-26,135,Travel,Bus
2025-07-26,1078,Entertainment,Restaurant
2025-07-27,328,Food,Breakfast
2025-07-27,822,Entertainment,Movie
2025-07-28,77,Food,Snacks
2025-07-28,87,Food,Snacks
2025-07-29,307,Food,Snacks
2025-07-29,313,Food,Breakfast
2025-07-29,132,Food,Breakfast
2025-07-29,142,Travel,Bus
2025-07-30,195,Food,Lunch
2025-07-30,252,Food,Snacks
2025-07-30,104,Travel,Auto
2025-07-31,178,Food,Breakfast
2025-07-31,217,Food,Dinner
2025-08-01,168,Food,Breakfast
2025-08-01,162,Food,Snacks
2025-08-01,221,Food,Breakfast
2025-08-02,89,Food,Breakfast
2025-08-02,88,Travel,Auto
2025-08-02,553,Entertainment,Movie
2025-08-02,1215,Bills,Rent
2025-08-03,114,Food,Lunch
2025-08-03,169,Food,Dinner
2025-08-03,247,Food,Breakfast
2025-08-03,863,Entertainment,Movie
2025-08-03,2914,Shopping,Electronics
2025-08-04,81,Food,Lunch
2025-08-04,209,Food,Lunch
2025-08-04,54,Travel,Bus
2025-08-05,73,Food,Snacks
2025-08-05,75,Travel,Bus
2025-08-05,1137,Shopping,Clothes
2025-08-05,3928,Bills,Electricity
2025-08-06,198,Food,Lunch
2025-08-07,312,Food,Breakfast
2025-08-07,123,Food,Snacks
2025-08-07,100,Travel,Taxi
2025-08-08,254,Food,Dinner
2025-08-08,341,Food,Lunch
2025-08-08,252,Food,Breakfast
2025-08-08,101,Travel,Taxi
2025-08-09,128,Food,Dinner
2025-08-09,839,Entertainment,Movie
2025-08-10,181,Food,Snacks
2025-08-10,126,Food,Lunch
2025-08-10,327,Entertainment,Outing
2025-08-10,1374,Bills,Rent
2025-08-11,281,Food,Breakfast
2025-08-11,322,Food,Breakfast
2025-08-11,78,Travel,Bus
2025-08-12,295,Food,Lunch
2025-08-12,122,Food,Snacks
2025-08-13,125,Food,Dinner
2025-08-13,128,Food,Lunch
2025-08-13,96,Food,Lunch
2025-08-13,98,Travel,Auto
2025-08-14,132,Food,Breakfast
2025-08-14,127,Travel,Auto
2025-08-15,280,Food,Lunch
2025-08-15,63,Travel,Bus
2025-08-15,650,Shopping,Electronics
2025-08-16,134,Food,Dinner
2025-08-16,859,Entertainment,Movie
2025-08-16,2350,Shopping,Groceries
2025-08-17,210,Food,Lunch
2025-08-17,135,Travel,Bus
2025-08-17,977,Entertainment,Outing
2025-08-18,163,Food,Lunch
2025-08-19,321,Food,Lunch
2025-08-19,182,Food,Dinner
2025-08-19,86,Food,Breakfast
2025-08-20,203,Food,Dinner
2025-08-20,193,Food,Dinner
2025-08-20,138,Travel,Bus
2025-08-20,1687,Shopping,Shoes
2025-08-21,85,Food,Breakfast
2025-08-21,128,Food,Snacks
2025-08-21,105,Food,Lunch
2025-08-21,41,Travel,Bus
2025-08-22,249,Food,Snacks
2025-08-22,135,Food,Lunch
2025-08-22,69,Travel,Bus
2025-08-23,238,Food,Breakfast
2025-08-23,53,Travel,Bus
2025-08-23,955,Entertainment,Movie
2025-08-24,279,Food,Dinner
2025-08-24,92,Travel,Auto
2025-08-24,838,Entertainment,Outing
2025-08-25,311,Food,Lunch
2025-08-25,145,Travel,Bus
2025-08-26,283,Food,Lunch
2025-08-26,73,Food,Dinner
2025-08-27,56,Food,Breakfast
2025-08-27,154,Food,Dinner
2025-08-27,127,Food,Snacks
2025-08-27,2206,Shopping,Electronics
2025-08-28,282,Food,Lunch
2025-08-28,129,Travel,Taxi
2025-08-29,256,Food,Breakfast
2025-08-29,328,Food,Breakfast
2025-08-29,125,Travel,Auto
2025-08-30,172,Food,Snacks
2025-08-30,335,Food,Breakfast
2025-08-30,102,Travel,Taxi
2025-08-30,909,Entertainment,Outing
2025-08-30,900,Shopping,Shoes
2025-08-31,322,Food,Lunch
2025-08-31,100,Food,Breakfast
2025-08-31,40,Travel,Bus
2025-08-31,1007,Entertainment,Movie
2025-09-01,265,Food,Lunch
2025-09-01,107,Food,Dinner
2025-09-01,101,Travel,Taxi
2025-09-02,294,Food,Breakfast
2025-09-02,57,Food,Dinner
2025-09-02,271,Food,Dinner
2025-09-02,150,Travel,Taxi
2025-09-02,2544,Shopping,Clothes
2025-09-02,2158,Bills,Rent
2025-09-03,226,Food,Lunch
2025-09-04,222,Food,Lunch
2025-09-05,245,Food,Snacks
2025-09-05,104,Travel,Auto
2025-09-05,3791,Bills,Electricity
2025-09-06,254,Food,Snacks
2025-09-06,140,Travel,Bus
2025-09-06,984,Entertainment,Movie
2025-09-06,1606,Shopping,Shoes
2025-09-07,251,Food,Lunch
2025-09-07,189,Food,Snacks
2025-09-07,70,Travel,Auto
2025-09-07,392,Entertainment,Restaurant
2025-09-08,57,Food,Snacks
2025-09-08,130,Travel,Bus
2025-09-08,658,Shopping,Shoes
2025-09-09,265,Food,Dinner
2025-09-09,70,Food,Breakfast
2025-09-09,91,Travel,Taxi
2025-09-10,115,Food,Dinner
2025-09-10,183,Food,Lunch
2025-09-10,68,Travel,Taxi
2025-09-10,2247,Bills,Credit Card
2025-09-11,174,Food,Dinner
2025-09-11,98,Food,Snacks
2025-09-12,326,Food,Breakfast
2025-09-12,67,Travel,Taxi
2025-09-12,1944,Shopping,Clothes
2025-09-13,259,Food,Lunch
2025-09-13,61,Travel,Auto
2025-09-13,511,Entertainment,Movie
2025-09-13,1981,Shopping,Groceries
2025-09-14,241,Food,Breakfast
2025-09-14,241,Food,Snacks
2025-09-14,111,Travel,Taxi
2025-09-14,876,Entertainment,Movie
2025-09-15,244,Food,Lunch
2025-09-15,44,Travel,Taxi
2025-09-16,346,Food,Breakfast
2025-09-16,94,Food,Dinner
2025-09-16,126,Food,Snacks
2025-09-16,67,Travel,Bus
2025-09-16,2375,Shopping,Shoes
2025-09-17,317,Food,Breakfast
2025-09-17,174,Food,Dinner
2025-09-17,134,Travel,Auto
2025-09-18,170,Food,Dinner
2025-09-19,245,Food,Snacks
2025-09-19,291,Food,Breakfast
2025-09-20,309,Food,Lunch
2025-09-20,59,Food,Lunch
2025-09-20,77,Travel,Taxi
2025-09-20,1124,Entertainment,Movie
2025-09-21,66,Food,Snacks
2025-09-21,156,Food,Breakfast
2025-09-21,160,Food,Lunch
2025-09-21,146,Travel,Taxi
2025-09-21,701,Entertainment,Restaurant
2025-09-22,121,Food,Breakfast
2025-09-22,88,Travel,Taxi
2025-09-23,123,Food,Lunch
2025-09-23,96,Travel,Taxi
2025-09-24,300,Food,Snacks
2025-09-24,44,Travel,Auto
2025-09-24,859,Shopping,Electronics
2025-09-25,168,Food,Lunch
2025-09-25,145,Food,Snacks
2025-09-25,248,Food,Breakfast
2025-09-25,57,Travel,Auto
2025-09-26,242,Food,Snacks
2025-09-26,115,Food,Lunch
2025-09-27,61,Food,Snacks
2025-09-27,63,Travel,Taxi
2025-09-27,1032,Entertainment,Outing
2025-09-27,1882,Shopping,Groceries
2025-09-28,199,Food,Breakfast
2025-09-28,144,Travel,Bus
2025-09-28,1034,Entertainment,Outing
2025-09-29,136,Food,Breakfast
2025-09-29,65,Food,Lunch
2025-09-29,126,Food,Lunch
2025-09-29,41,Travel,Auto
2025-09-29,1468,Shopping,Electronics
2025-09-30,103,Food,Lunch
2025-09-30,38,Travel,Taxi
2025-10-01,193,Food,Dinner
2025-10-01,96,Food,Dinner
2025-10-02,172,Food,Breakfast
2025-10-02,181,Food,Dinner
2025-10-02,74,Travel,Bus
2025-10-02,1088,Bills,Electricity
2025-10-03,133,Food,Snacks
2025-10-03,314,Food,Breakfast
2025-10-03,314,Food,Snacks
2025-10-03,61,Travel,Bus
2025-10-04,58,Food,Dinner
2025-10-04,79,Travel,Taxi
2025-10-04,934,Entertainment,Restaurant
2025-10-05,228,Food,Snacks
2025-10-05,188,Food,Breakfast
2025-10-05,52,Food,Lunch
2025-10-05,84,Travel,Taxi
2025-10-05,1180,Entertainment,Outing
2025-10-05,2312,Shopping,Electronics
2025-10-05,4103,Bills,Credit Card
2025-10-06,101,Food,Lunch
2025-10-07,271,Food,Snacks
2025-10-07,143,Food,Lunch
2025-10-07,2043,Shopping,Groceries
2025-10-08,218,Food,Dinner
2025-10-08,315,Food,Dinner
2025-10-08,69,Travel,Bus
2025-10-09,338,Food,Snacks
2025-10-09,50,Food,Lunch
2025-10-09,329,Food,Breakfast
2025-10-10,212,Food,Lunch
2025-10-10,78,Travel,Auto
2025-10-10,2052,Bills,Rent
2025-10-11,271,Food,Lunch
2025-10-11,129,Food,Snacks
2025-10-11,107,Food,Dinner
2025-10-11,50,Travel,Bus
2025-10-11,759,Entertainment,Outing
2025-10-12,338,Food,Lunch
2025-10-12,1131,Entertainment,Movie
2025-10-12,1540,Shopping,Clothes
2025-10-13,147,Food,Lunch
2025-10-13,112,Food,Snacks
2025-10-13,156,Food,Dinner
2025-10-13,124,Travel,Auto
2025-10-13,1830,Shopping,Electronics
2025-10-14,63,Food,Snacks
2025-10-14,138,Food,Dinner
2025-10-14,112,Travel,Bus
2025-10-15,88,Food,Dinner
2025-10-15,41,Travel,Taxi
2025-10-16,237,Food,Breakfast
2025-10-16,329,Food,Dinner
2025-10-16,223,Food,Lunch
2025-10-16,113,Travel,Bus
2025-10-17,165,Food,Breakfast
2025-10-17,345,Food,Breakfast
2025-10-17,129,Travel,Bus
2025-10-18,199,Food,Breakfast
2025-10-18,83,Food,Dinner
2025-10-18,742,Entertainment,Outing
2025-10-19,101,Food,Snacks
2025-10-19,86,Travel,Auto
2025-10-19,883,Entertainment,Restaurant
2025-10-19,2202,Shopping,Groceries
2025-10-20,291,Food,Lunch
2025-10-20,317,Food,Lunch
2025-10-20,96,Food,Breakfast
2025-10-20,76,Travel,Auto
2025-10-21,279,Food,Dinner
2025-10-21,299,Food,Snacks
2025-10-21,43,Travel,Auto
2025-10-21,2911,Shopping,Shoes
2025-10-22,336,Food,Dinner
2025-10-22,85,Food,Lunch
2025-10-22,131,Food,Breakfast
2025-10-23,217,Food,Dinner
2025-10-23,124,Food,Breakfast
2025-10-23,150,Food,Dinner
2025-10-24,283,Food,Breakfast
2025-10-25,144,Food,Dinner
2025-10-25,111,Travel,Auto
2025-10-25,784,Entertainment,Outing
2025-10-26,94,Food,Dinner
2025-10-26,63,Travel,Auto
2025-10-26,1196,Entertainment,Restaurant
2025-10-27,103,Food,Dinner
2025-10-27,1549,Shopping,Clothes
2025-10-28,115,Food,Lunch
2025-10-28,299,Food,Lunch
2025-10-28,112,Travel,Auto
2025-10-28,1973,Shopping,Shoes
2025-10-29,198,Food,Dinner
2025-10-29,68,Food,Breakfast
2025-10-29,105,Travel,Taxi
2025-10-30,285,Food,Lunch
2025-10-30,120,Travel,Taxi
2025-10-31,321,Food,Snacks
2025-10-31,142,Travel,Auto
2025-11-01,260,Food,Breakfast
2025-11-01,180,Food,Lunch
2025-11-01,98,Food,Lunch
2025-11-01,785,Entertainment,Movie
2025-11-02,56,Food,Lunch
2025-11-02,340,Food,Dinner
2025-11-02,199,Food,Lunch
2025-11-02,47,Travel,Taxi
2025-11-02,984,Entertainment,Outing
2025-11-02,2900,Bills,Internet
2025-11-03,154,Food,Dinner
2025-11-03,219,Food,Breakfast
2025-11-03,132,Food,Dinner
2025-11-04,259,Food,Dinner
2025-11-04,237,Food,Breakfast
2025-11-04,258,Food,Lunch
2025-11-04,112,Travel,Auto
2025-11-05,303,Food,Breakfast
2025-11-05,305,Food,Breakfast
2025-11-05,88,Travel,Bus
2025-11-05,2952,Bills,Electricity
2025-11-06,74,Food,Snacks
2025-11-07,155,Food,Breakfast
2025-11-07,240,Food,Breakfast
2025-11-07,110,Food,Dinner
2025-11-07,129,Travel,Bus
2025-11-08,144,Food,Lunch
2025-11-08,129,Food,Breakfast
2025-11-08,322,Food,Breakfast
2025-11-08,106,Travel,Taxi
2025-11-08,1166,Entertainment,Movie
2025-11-09,334,Food,Breakfast
2025-11-09,99,Food,Breakfast
2025-11-09,335,Food,Breakfast
2025-11-09,73,Travel,Auto
2025-11-09,885,Entertainment,Movie
2025-11-10,301,Food,Snacks
2025-11-10,267,Food,Lunch
2025-11-10,52,Food,Snacks
2025-11-10,49,Travel,Bus
2025-11-10,5949,Bills,Electricity
2025-11-11,335,Food,Snacks
2025-11-11,76,Travel,Taxi
2025-11-12,316,Food,Snacks
2025-11-12,156,Food,Snacks
2025-11-12,187,Food,Dinner
2025-11-12,61,Travel,Taxi
2025-11-13,273,Food,Breakfast
2025-11-13,167,Food,Snacks
2025-11-13,83,Food,Snacks
2025-11-13,648,Shopping,Shoes
2025-11-14,56,Food,Snacks
2025-11-14,144,Food,Breakfast
2025-11-14,245,Food,Lunch
2025-11-14,60,Travel,Bus
2025-11-15,158,Food,Dinner
2025-11-15,1046,Entertainment,Movie
2025-11-15,2154,Shopping,Clothes
2025-11-16,281,Food,Breakfast
2025-11-16,125,Food,Breakfast
2025-11-16,320,Entertainment,Outing
2025-11-17,214,Food,Breakfast
2025-11-17,72,Travel,Taxi
2025-11-18,131,Food,Snacks
2025-11-18,62,Travel,Taxi
2025-11-19,82,Food,Breakfast
2025-11-19,227,Food,Breakfast
2025-11-19,160,Food,Breakfast
2025-11-19,87,Travel,Taxi
2025-11-20,217,Food,Dinner
2025-11-21,93,Food,Dinner
2025-11-21,62,Food,Breakfast
2025-11-22,138,Food,Lunch
2025-11-22,282,Food,Breakfast
2025-11-22,190,Food,Lunch
2025-11-22,1055,Entertainment,Outing
2025-11-23,202,Food,Snacks
2025-11-23,271,Food,Dinner
2025-11-23,291,Food,Lunch
2025-11-23,531,Entertainment,Movie
2025-11-24,90,Food,Breakfast
2025-11-24,221,Food,Lunch
2025-11-24,1733,Shopping,Groceries
2025-11-25,270,Food,Snacks
2025-11-25,206,Food,Breakfast
2025-11-25,176,Food,Lunch
2025-11-25,120,Travel,Bus
2025-11-26,287,Food,Breakfast
2025-11-26,103,Food,Breakfast
2025-11-27,309,Food,Dinner
2025-11-27,165,Food,Snacks
2025-11-27,139,Travel,Auto
2025-11-28,192,Food,Lunch
2025-11-28,241,Food,Dinner
2025-11-28,239,Food,Breakfast
2025-11-28,87,Travel,Bus
2025-11-28,1162,Shopping,Clothes
2025-11-29,298,Food,Breakfast
2025-11-29,127,Food,Lunch
2025-11-29,150,Food,Lunch
2025-11-29,146,Travel,Auto
2025-11-29,573,Entertainment,Outing
2025-11-30,183,Food,Breakfast
2025-11-30,238,Food,Snacks
2025-11-30,333,Food,Snacks
2025-11-30,668,Entertainment,Restaurant
2025-12-01,178,Food,Lunch
2025-12-01,67,Travel,Bus
2025-12-02,290,Food,Breakfast
2025-12-02,164,Food,Breakfast
2025-12-02,274,Food,Dinner
2025-12-02,105,Travel,Taxi
2025-12-02,1171,Shopping,Groceries
2025-12-02,2569,Bills,Credit Card
2025-12-03,232,Food,Dinner
2025-12-03,69,Food,Dinner
2025-12-03,253,Food,Lunch
2025-12-03,71,Travel,Taxi
2025-12-04,171,Food,Dinner
2025-12-05,164,Food,Dinner
2025-12-05,147,Travel,Auto
2025-12-05,5236,Bills,Electricity
2025-12-06,81,Food,Lunch
2025-12-06,305,Food,Dinner
2025-12-06,223,Food,Breakfast
2025-12-06,602,Entertainment,Movie
2025-12-07,308,Food,Breakfast
2025-12-07,330,Food,Snacks
2025-12-07,228,Food,Snacks
2025-12-07,1105,Entertainment,Restaurant
2025-12-08,240,Food,Breakfast
2025-12-09,301,Food,Snacks
2025-12-09,255,Food,Snacks
2025-12-09,349,Food,Lunch
2025-12-10,259,Food,Snacks
2025-12-10,324,Food,Snacks
2025-12-10,2469,Bills,Internet
2025-12-11,239,Food,Snacks
2025-12-11,336,Food,Lunch
2025-12-12,238,Food,Lunch
2025-12-12,347,Food,Dinner
2025-12-12,146,Travel,Auto
2025-12-13,161,Food,Lunch
2025-12-13,56,Food,Lunch
2025-12-13,110,Food,Lunch
2025-12-13,149,Travel,Bus
2025-12-13,582,Entertainment,Movie
2025-12-14,337,Food,Snacks
2025-12-14,81,Food,Dinner
2025-12-14,106,Food,Snacks
2025-12-14,128,Travel,Auto
2025-12-14,351,Entertainment,Movie
2025-12-15,159,Food,Lunch
2025-12-15,129,Food,Lunch
2025-12-15,292,Food,Lunch
2025-12-15,33,Travel,Taxi
2025-12-15,1277,Shopping,Groceries
2025-12-16,334,Food,Dinner
2025-12-16,277,Food,Lunch
2025-12-16,144,Travel,Auto
2025-12-16,518,Shopping,Shoes
2025-12-17,247,Food,Lunch
2025-12-17,99,Travel,Auto
2025-12-18,125,Food,Dinner
2025-12-19,101,Food,Breakfast
2025-12-19,283,Food,Lunch
2025-12-19,125,Travel,Bus
2025-12-19,640,Shopping,Groceries
2025-12-20,267,Food,Breakfast
2025-12-20,80,Food,Lunch
2025-12-20,118,Travel,Bus
2025-12-20,995,Entertainment,Movie
2025-12-21,89,Food,Dinner
2025-12-21,42,Travel,Bus
2025-12-21,555,Entertainment,Movie
2025-12-21,631,Shopping,Shoes
2025-12-22,190,Food,Snacks
2025-12-22,131,Food,Breakfast
2025-12-22,2601,Shopping,Shoes
2025-12-23,173,Food,Breakfast
2025-12-23,48,Travel,Auto
2025-12-24,274,Food,Snacks
2025-12-24,191,Food,Lunch
2025-12-24,269,Food,Lunch
2025-12-24,78,Travel,Bus
2025-12-25,216,Food,Dinner
2025-12-25,226,Food,Lunch
2025-12-25,67,Travel,Taxi
2025-12-26,210,Food,Dinner
2025-12-26,347,Food,Dinner
2025-12-26,277,Food,Lunch
2025-12-27,324,Food,Lunch
2025-12-27,150,Food,Breakfast
2025-12-27,316,Food,Snacks
2025-12-27,127,Travel,Auto
2025-12-27,582,Entertainment,Movie
2025-12-27,974,Shopping,Clothes
2025-12-28,324,Food,Breakfast
2025-12-28,69,Food,Dinner
2025-12-28,152,Food,Dinner
2025-12-28,475,Entertainment,Outing
2025-12-29,174,Food,Snacks
2025-12-29,101,Food,Breakfast
2025-12-29,125,Travel,Bus
2025-12-30,91,Food,Breakfast
2025-12-30,348,Food,Snacks
2025-12-30,246,Food,Lunch
2025-12-30,144,Travel,Auto
2025-12-31,276,Food,Dinner
2025-12-31,340,Food,Lunch
2025-12-31,197,Food,Lunch
2025-12-31,104,Travel,Auto
2026-01-01,221,Food,Lunch
2026-01-01,288,Food,Lunch
2026-01-01,255,Food,Dinner
2026-01-01,136,Travel,Auto
2026-01-02,273,Food,Snacks
2026-01-02,164,Food,Lunch
2026-01-02,5854,Bills,Internet
2026-01-03,216,Food,Dinner
2026-01-03,204,Food,Breakfast
2026-01-03,149,Food,Lunch
2026-01-03,337,Entertainment,Restaurant
2026-01-04,192,Food,Breakfast
2026-01-04,276,Food,Snacks
2026-01-04,199,Food,Dinner
2026-01-04,870,Entertainment,Movie
2026-01-05,152,Food,Dinner
2026-01-05,91,Travel,Taxi
2026-01-05,5934,Bills,Electricity
2026-01-06,159,Food,Dinner
2026-01-07,151,Food,Lunch
2026-01-07,234,Food,Lunch
2026-01-07,94,Travel,Taxi
2026-01-07,2546,Shopping,Electronics
2026-01-08,301,Food,Lunch
2026-01-08,168,Food,Snacks
2026-01-08,130,Food,Snacks
2026-01-08,85,Travel,Auto
2026-01-09,135,Food,Dinner
2026-01-09,319,Food,Dinner
2026-01-09,65,Food,Breakfast
2026-01-09,53,Travel,Auto
2026-01-10,176,Food,Lunch
2026-01-10,70,Food,Lunch
2026-01-10,336,Food,Lunch
2026-01-10,759,Entertainment,Restaurant
2026-01-10,2219,Bills,Electricity
2026-01-11,151,Food,Dinner
2026-01-11,96,Food,Dinner
2026-01-11,63,Travel,Taxi
2026-01-11,393,Entertainment,Movie
2026-01-12,193,Food,Lunch
2026-01-12,88,Travel,Auto
2026-01-12,1807,Shopping,Groceries
2026-01-13,211,Food,Lunch
2026-01-13,81,Food,Dinner
2026-01-13,172,Food,Lunch
2026-01-13,89,Travel,Bus
2026-01-14,267,Food,Lunch
2026-01-14,88,Travel,Taxi
2026-01-15,115,Food,Snacks
2026-01-15,212,Food,Snacks
2026-01-16,243,Food,Breakfast
2026-01-16,776,Shopping,Groceries
2026-01-17,119,Food,Dinner
2026-01-17,297,Food,Breakfast
2026-01-17,53,Travel,Auto
2026-01-17,906,Entertainment,Restaurant
2026-01-18,279,Food,Snacks
2026-01-18,249,Food,Lunch
2026-01-18,85,Food,Dinner
2026-01-18,1168,Entertainment,Restaurant
2026-01-19,268,Food,Breakfast
2026-01-19,67,Food,Lunch
2026-01-19,145,Travel,Bus
2026-01-20,232,Food,Breakfast
2026-01-20,144,Food,Lunch
2026-01-20,84,Food,Breakfast
2026-01-21,80,Food,Breakfast
2026-01-21,52,Food,Lunch
2026-01-21,123,Travel,Auto
2026-01-22,323,Food,Dinner
2026-01-22,48,Travel,Auto
2026-01-23,254,Food,Snacks
2026-01-23,134,Food,Breakfast
2026-01-23,65,Travel,Bus
2026-01-24,87,Food,Snacks
2026-01-24,161,Food,Breakfast
2026-01-24,288,Food,Breakfast
2026-01-24,1061,Entertainment,Restaurant
2026-01-25,183,Food,Breakfast
2026-01-25,250,Food,Dinner
2026-01-25,127,Food,Lunch
2026-01-25,137,Travel,Bus
2026-01-25,1011,Entertainment,Outing
2026-01-26,136,Food,Breakfast
2026-01-26,102,Food,Breakfast
2026-01-26,144,Travel,Taxi
2026-01-27,261,Food,Snacks
2026-01-27,221,Food,Dinner
2026-01-27,219,Food,Lunch
2026-01-28,201,Food,Dinner
2026-01-29,179,Food,Snacks
2026-01-29,123,Food,Lunch
2026-01-29,302,Food,Breakfast
2026-01-30,89,Food,Dinner
2026-01-30,2483,Shopping,Clothes
2026-01-31,68,Food,Snacks
2026-01-31,284,Food,Lunch
2026-01-31,469,Entertainment,Movie
2026-02-01,205,Food,Snacks
2026-02-01,35,Travel,Auto
2026-02-01,713,Entertainment,Restaurant
2026-02-02,77,Food,Dinner
2026-02-02,132,Travel,Bus
2026-02-02,1780,Bills,Rent
2026-02-03,211,Food,Lunch
2026-02-04,164,Food,Dinner
2026-02-04,52,Travel,Taxi
2026-02-05,96,Food,Dinner
2026-02-05,77,Travel,Auto
2026-02-05,4763,Bills,Internet
2026-02-06,298,Food,Snacks
2026-02-06,288,Food,Breakfast
2026-02-06,34,Travel,Auto
2026-02-07,267,Food,Snacks
2026-02-07,139,Food,Snacks
2026-02-07,288,Food,Lunch
2026-02-07,123,Travel,Auto
2026-02-07,582,Entertainment,Restaurant
2026-02-08,232,Food,Snacks
2026-02-08,70,Food,Breakfast
2026-02-08,172,Food,Breakfast
2026-02-08,30,Travel,Auto
2026-02-08,333,Entertainment,Movie
2026-02-08,2989,Shopping,Clothes
2026-02-09,338,Food,Lunch
2026-02-09,133,Food,Dinner
2026-02-09,149,Travel,Taxi
2026-02-10,214,Food,Dinner
2026-02-10,138,Food,Lunch
2026-02-10,259,Food,Snacks
2026-02-10,126,Travel,Bus
2026-02-10,4283,Bills,Electricity
2026-02-11,347,Food,Dinner
2026-02-11,121,Travel,Taxi
2026-02-11,2547,Shopping,Clothes
2026-02-12,115,Food,Dinner
2026-02-12,236,Food,Lunch
2026-02-12,72,Travel,Bus
2026-02-13,112,Food,Snacks
2026-02-13,335,Food,Lunch
2026-02-13,232,Food,Breakfast
2026-02-13,2069,Shopping,Groceries
2026-02-14,329,Food,Breakfast
2026-02-14,98,Travel,Taxi
2026-02-14,1107,Entertainment,Restaurant
2026-02-15,228,Food,Snacks
2026-02-15,700,Entertainment,Outing
2026-02-15,2389,Shopping,Clothes
2026-02-16,259,Food,Dinner
2026-02-16,95,Food,Snacks
2026-02-16,145,Food,Lunch
2026-02-16,87,Travel,Auto
2026-02-17,103,Food,Snacks
2026-02-17,82,Food,Dinner
2026-02-17,181,Food,Breakfast
2026-02-17,143,Travel,Auto
2026-02-18,229,Food,Dinner
2026-02-18,264,Food,Snacks
2026-02-18,132,Travel,Taxi
2026-02-19,270,Food,Breakfast
2026-02-19,230,Food,Breakfast
2026-02-19,1431,Shopping,Clothes
2026-02-20,206,Food,Snacks
2026-02-20,46,Travel,Auto
2026-02-21,275,Food,Breakfast
2026-02-21,126,Food,Breakfast
2026-02-21,292,Food,Lunch
2026-02-21,72,Travel,Bus
2026-02-21,561,Entertainment,Outing
2026-02-22,304,Food,Snacks
2026-02-22,709,Entertainment,Outing
2026-02-23,264,Food,Snacks
2026-02-23,82,Food,Dinner
2026-02-23,138,Travel,Bus
2026-02-24,246,Food,Lunch
2026-02-24,243,Food,Lunch
2026-02-24,198,Food,Breakfast
2026-02-24,88,Travel,Bus
2026-02-25,297,Food,Snacks
2026-02-25,100,Travel,Bus
2026-02-26,79,Food,Lunch
2026-02-26,272,Food,Lunch
2026-02-26,198,Food,Breakfast
2026-02-26,89,Travel,Bus
2026-02-27,186,Food,Dinner
2026-02-28,119,Food,Lunch
2026-02-28,56,Food,Lunch
2026-02-28,642,Entertainment,Restaurant
2026-03-01,348,Food,Snacks
2026-03-01,55,Food,Breakfast
2026-03-01,280,Food,Dinner
2026-03-01,432,Entertainment,Restaurant
